customerID,gender,SeniorCitizen,Partner,Dependents,tenure,PhoneService,MultipleLines,InternetService,OnlineSecurity,OnlineBackup,DeviceProtection,TechSupport,StreamingTV,StreamingMovies,Contract,PaperlessBilling,PaymentMethod,MonthlyCharges,TotalCharges
7590-VHVEG,Female,0,Yes,No,9,No,No,DSL,No,Yes,No,No,No,No,Month-to-month,Yes,Bank transfer (automatic),70.35,151.65
5575-GNVDE,Male,0,No,No,34,Yes,No,DSL,Yes,No,Yes,No,No,No,One year,No,Mail check,56.95,188.75
3668-QPYBK,Male,0,No,No,2,Yes,No,DSL,No,Yes,No,No,No,No,Month-to-month,Yes,Electronic check,53.85,108.15
7795-CFOCW,Female,0,Yes,Yes,45,Yes,Yes,Fiber optic,No,No,No,Yes,Yes,Yes,One year,No,Mail check,99.65,418.25
